year,month,amount
2021,Aug,1372.8899999999999
2021,Dec,1213.83
2021,July,1579.24
2021,Nov,1052.34
2021,Oct,1716.49
2021,Sep,2145.77
2022,Apr,2140.34
2022,Aug,1406.48
2022,Dec,2336.25
2022,Feb,1449.95
2022,Jan,1236.75
2022,July,2292.06
2022,June,1663.49
2022,Mar,2416.07
2022,May,1587.5300000000002
2022,Nov,2371.1899999999996
2022,Oct,2523.84
2022,Sep,1508.36
2023,Feb,1625.83
2023,Jan,1774.1
2023,Mar,1473.76
